customer_id,customer_name,address,city,email,phone_number
1,Shlok Rajagopal,"H.No. 36
Boase Road, Siwan 552520",Mumbai,tgopal@gmail.com,9.10056E+11
2,Priyansh Bhattacharyya,"H.No. 90, Balay Nagar
Danapur 271287",Delhi,zsehgal@gmail.com,9101044637
3,Himmat Ramesh,"73
Thaman Ganj
Jamnagar-040415",Mumbai,pranaydhar@badal.com,9.17424E+11
4,Samiha Subramaniam,"238
Mander, Nagaon-126157",Ahmedabad,nirvi90@hotmail.com,9093460188
5,Miraan Bhatt,"05/55
Sandhu Road, Mahbubnagar 248594",Kolkata,neysa32@varghese.com,1569905742
6,Miraan Ramesh,"73/12
Tiwari
Coimbatore-243921",Bengaluru,kabir00@yahoo.com,3169632515
7,Yuvraj  Sarna,"90/24
Kapoor Marg, Bokaro-032535",Chennai,adah89@bera.info,9.11076E+11
8,Divyansh Shetty,"H.No. 01
Bose Circle
Jodhpur 009044",Surat,sbaria@tata.biz,9.11773E+11
9,Vanya Bath,"31, Doctor Circle
Raebareli-550106",Pune,ogarg@balakrishnan.info,1255464781
10,Hridaan Kapur,"366
Toor Nagar, Dhule 922235",Bengaluru,akarshbanerjee@suresh.biz,9471976879
11,Ayesha Dash,"70/72
Chawla Nagar
Rewa 247206",Kolkata,ikar@mani-goyal.info,9.11165E+11
12,Hunar Anand,"26, Korpal Road, Kavali 431822",Chennai,jayanyadav@yahoo.com,3430553091
13,Neysa Khalsa,"H.No. 39, Reddy Nagar
Surendranagar Dudhrej-658478",Surat,mohanlaldasgupta@yahoo.com,6362937377
14,Tara Maharaj,"126
Chana Street
Pondicherry 154962",Ahmedabad,dhawanriya@ray.biz,856769070
15,Drishya Taneja,"H.No. 61
Thaman Zila
Muzaffarnagar-566904",Surat,asood@gmail.com,3379531625
16,Hazel Sibal,"86/46
Chaudhry Path, Asansol-759145",Chennai,dharmajanbajwa@yahoo.com,9.14545E+11
17,Dharmajan Chawla,"20
Rege Street
Gwalior-156441",Jaipur,ayesha56@yahoo.com,9.10153E+11
18,Shayak Ghosh,"678
Atwal Path
Bareilly 658877",Surat,keyadeo@gmail.com,2634879663
19,Purab Ghose,"H.No. 583
Ramanathan, Sambhal-813179",Kolkata,yuvraj-rajagopal@yadav-subramanian.com,9.17752E+11
20,Gokul Singhal,"027
Korpal Nagar
Unnao-068715",Hyderabad,keyabajaj@dhar.biz,314720123
21,Indranil Sharma,"252
Manne
Medininagar 445115",Jaipur,priyansh93@gmail.com,9.12288E+11
22,Aaina Dave,"62/709
Bir Nagar, Erode 147542",Mumbai,pihu44@yahoo.com,4412544930
23,Taran Jhaveri,"58/65
Goyal Path, Dehradun-542050",Surat,saanviravel@chaudhuri.info,1202851564
24,Priyansh Taneja,"379
Baria Path
Muzaffarpur 571664",Chennai,madhup16@hotmail.com,5259205903
25,Nehmat Choudhry,"14/41, Bandi Ganj
Ramagundam 772871",Pune,rohan17@shere.org,3838569181
26,Taimur Venkataraman,"H.No. 865
Rau Zila
Jaipur 754937",Kolkata,gchadha@hotmail.com,2348263357
27,Shray Seshadri,"31/68, Kaul Ganj
Dharmavaram 555789",Jaipur,eshani00@dutt.com,9.18149E+11
28,Vardaniya Divan,"82/954
Wali Ganj, Jalna-019174",Surat,ygandhi@hotmail.com,3687152205
29,Anvi Sharaf,"H.No. 63, Chakraborty
Bhilai-896087",Mumbai,tkonda@bir-subramanian.com,4551055195
30,Prerak Kala,"H.No. 27, Kara Chowk, Khandwa 708750",Mumbai,fatehsampath@yadav.com,2395655739
31,Hunar Lall,"501, Kapoor Path
Ratlam-201703",Mumbai,ramachandranvaibhav@yahoo.com,9.17059E+11
32,Vidur Sankar,"42/841, Vig Chowk, Ambala 728949",Delhi,ryan49@yahoo.com,8864343487
33,Aniruddh Atwal,"51, Mallick
Shimoga 014669",Bengaluru,laganvora@gmail.com,1800318875
34,Gokul Bir,"H.No. 58
Datta Street, Bhavnagar 084569",Mumbai,ugour@gmail.com,2516435446
35,Dhanuk Amble,"71, Kothari Chowk
Varanasi-376208",Delhi,uvarkey@hotmail.com,8674151172
36,Lakshit Keer,"56
Shenoy, Ahmedabad 962621",Ahmedabad,anyabhasin@sarma-dalal.biz,5367742922
37,Keya Gokhale,"88/79
Sant, Nadiad 665863",Jaipur,yogianahi@sabharwal.info,7130351335
38,Bhamini Bera,"01, Banik Marg, Katni-314842",Ahmedabad,bobalindrajit@hotmail.com,2652191662
39,Kaira Ganesan,"85/582, Zacharia Circle
Pali 496956",Kolkata,prerakuppal@dyal.org,911671119
40,Khushi Ghose,"91
Dave Street
Thane-438605",Surat,goswamivaibhav@brahmbhatt.com,9.18748E+11
41,Anya Luthra,"25/76, Tank Zila, Bhopal 743498",Kolkata,lakshay43@hotmail.com,4555138193
42,Zara Jaggi,"H.No. 733, Kala, Karawal Nagar 494503",Surat,gadenitara@sha.com,9.13717E+11
43,Indrans Maharaj,"023
Deep Street, Dhule 679574",Ahmedabad,banikfaiyaz@hotmail.com,7346726227
44,Mehul Gole,"H.No. 777
Dar Chowk
Bhopal-783677",Mumbai,ihayre@hotmail.com,3106160650
45,Vivaan Sood,"19/948, Dhillon Marg, Haldia 801419",Pune,shalvhari@hotmail.com,9.11839E+11
46,Ryan Khatri,"47/745
Agarwal, Proddatur-466644",Mumbai,ysani@yahoo.com,9.10709E+11
47,Dhanuk Tandon,"91
Dar Circle
Bhalswa Jahangir Pur-106796",Kolkata,veer04@hotmail.com,2542540400
48,Madhup Khalsa,"49
Dhawan Marg
Ramgarh-304288",Pune,bbassi@gmail.com,2060169111
49,Ojas Comar,"23/78, Edwin Path, Bijapur 559218",Kolkata,fde@yahoo.com,5927613615
50,Baiju Bhagat,"H.No. 00, Thakur Path
Bathinda 861277",Ahmedabad,umander@hotmail.com,9397422628
51,Divyansh Kakar,"H.No. 60, Dyal Ganj
Kulti-699159",Delhi,ritviksen@verma.biz,716092568
52,Farhan Buch,"47/81, Bhatti Circle
Tezpur 472125",Kolkata,wbedi@yahoo.com,9.11006E+11
53,Raunak Thaman,"94/03, Raja Circle, Bettiah-717400",Delhi,rmand@kata.com,9219980507
54,Aarav Walla,"66/513
Das Zila, Nandyal-340938",Kolkata,dinrati@hotmail.com,1419060742
55,Anahi Kale,"H.No. 232, Bera Ganj, Sri Ganganagar-406203",Pune,sinhanitara@dalal.com,7996676261
56,Piya Bakshi,"H.No. 569, Bawa Marg
Mumbai-533482",Mumbai,shlok93@chaudhary.com,2392062502
57,Shalv Tata,"H.No. 982, Ranganathan Chowk
Mau-471371",Surat,gatikborde@bhattacharyya.com,2853578769
58,Ryan Sundaram,"H.No. 00
Thaker Path, Nagaon-492259",Delhi,suramanjari@gandhi.com,6051697543
59,Sana Venkatesh,"983, Sastry, Anantapur-275934",Pune,divyansharya@saraf.biz,5036900792
60,Rasha Devan,"84, Sachdev Chowk
Ajmer 334464",Hyderabad,vedikabava@yahoo.com,9.10767E+11
61,Darshit Hayre,"H.No. 859
Dugal Marg, Bidar 891927",Jaipur,benamira@gmail.com,924487596
62,Onkar Ahuja,"95/944
Chawla Zila
Phagwara 070345",Ahmedabad,dhanuk94@hotmail.com,9.14661E+11
63,Himmat Chahal,"H.No. 239
Lala Nagar
Tirunelveli 586705",Mumbai,kimaya12@gmail.com,2297587980
64,Nakul Bhatia,"18/269
Khare Chowk, Sambhal 427329",Chennai,armaangarde@dubey.org,6928470056
65,Anahita Seshadri,"767
Gade Nagar
Bellary-064104",Mumbai,kartikroy@viswanathan-krishna.com,9827497552
66,Mishti Tella,"H.No. 399
Rout Marg
Parbhani-569185",Ahmedabad,kartikkrishna@walla.biz,9.10188E+11
67,Manikya Mann,"184, Rastogi Chowk
Dehri 056923",Chennai,kguha@wable.com,1518861216
68,Jayesh Sanghvi,"29
Borde Nagar, Malegaon-213408",Surat,navya40@hayre.com,7461345119
69,Purab Ahuja,"H.No. 405, Barad Chowk, Bhilwara-316878",Chennai,nitarabrar@yahoo.com,5513109397
70,Saanvi Khatri,"62/20
Chanda, Orai 347708",Ahmedabad,samairadash@gera.org,3106084901
71,Jiya Lanka,"H.No. 74
Talwar Ganj
Unnao 648863",Ahmedabad,ivangole@dugar.com,6427641039
72,Kavya Rajagopal,"H.No. 45
Rajagopal Ganj, Nandyal 480390",Pune,imajumdar@tank.biz,4739948568
73,Yasmin Bera,"H.No. 262, Sanghvi Marg, Saharsa-753616",Mumbai,raghavbora@gmail.com,8622676728
74,Charvi Varma,"H.No. 33
Mani Zila, Satna-554346",Pune,sachdevrohan@das.org,9.18758E+11
75,Shray Suresh,"H.No. 505
Sarin Circle, Delhi 221152",Mumbai,yuvaan45@trivedi.com,7983405221
76,Mehul Kalla,"763
Baria Path
Bokaro-394994",Surat,amanithaman@dugar.com,9606343923
77,Anahi Tiwari,"51/425
Vala Marg, Nandyal 966366",Hyderabad,prishacherian@lalla.net,9742644869
78,Vaibhav Jaggi,"H.No. 17
Chander Street
Ahmedabad 224735",Kolkata,manjari47@hotmail.com,9.13153E+11
79,Vaibhav Banik,"32/21, Sharaf Street
Alappuzha 001638",Pune,sankarvritika@hotmail.com,5354873991
80,Bhavin Seshadri,"36/84, Sarna Road, Mahbubnagar 444660",Bengaluru,tsheth@gmail.com,2879100712
81,Ivan Mahal,"89/072, Kannan Path
Nizamabad 736990",Chennai,bhavin06@yahoo.com,8855152210
82,Tiya Hayre,"03/355
Jhaveri Nagar, Adoni 729993",Ahmedabad,xsarna@yahoo.com,155375132
83,Aaryahi Chaudhari,"23/93
Mani Nagar, Howrah-429357",Kolkata,uthkarshgole@mand.com,6523144171
84,Zaina Magar,"90, Datta Circle
Kota-680080",Pune,isampath@hegde.com,5746422827
85,Lagan Kala,"75/90, Kunda Zila, Rohtak-999922",Surat,dadakanav@saini.com,9.11725E+11
86,Arnav Balan,"147, Kata Street
Bhusawal-441350",Hyderabad,ddhar@manda.com,705846533
87,Neysa Madan,"H.No. 68, Borah Path, Fatehpur 534899",Mumbai,ukalla@gmail.com,2298982776
88,Miraya Dar,"68
Bal Chowk, Siwan-286714",Bengaluru,srinivasivan@sodhi.info,9.16273E+11
89,Vedika Balay,"H.No. 04
Kade Chowk
Srikakulam 251148",Hyderabad,hazelmall@mannan.com,77145170
90,Jayan Madan,"042, Agate Ganj, Madhyamgram-529902",Delhi,ojas39@hotmail.com,5434157728
91,Vidur Srinivas,"97/06, Atwal Road, Hajipur 279486",Delhi,farhan99@hotmail.com,2540304326
92,Jivin Sundaram,"028
Randhawa Chowk, Bijapur 974377",Hyderabad,lavanyabhalla@saraf.com,6911529535
93,Anika Uppal,"H.No. 68, Madan Marg, Raipur-985498",Kolkata,wsunder@gmail.com,9.18553E+11
94,Purab Chaudhry,"251, Sani Ganj
Dibrugarh 543590",Mumbai,gatikjain@sawhney-shroff.com,467978767
95,Krish Char,"00/79, Savant, Varanasi-192098",Pune,rati92@lad.com,246460188
96,Ivan Doshi,"H.No. 47
Deshpande Marg
Latur-641102",Pune,anahivenkatesh@yahoo.com,3504818593
97,Yasmin Samra,"14/992
Dubey Street
Jhansi 700913",Surat,golasaksham@ray.biz,6641237233
98,Sahil Dar,"86/817, Khatri Street, Naihati-963228",Surat,madhav56@hotmail.com,9.18507E+11
99,Alisha Chaudhari,"H.No. 129, Balasubramanian Road
Etawah-126155",Surat,fdewan@hotmail.com,7522822262
100,Nayantara Subramanian,"77/438
Bhatt Street, Ambarnath-368223",Surat,kiarabasak@yahoo.com,1418135653
101,Oorja Kohli,"26/390, Sankaran Ganj
Tiruchirappalli-838240",Pune,umajumdar@dar.org,9.13721E+11
102,Kanav Kohli,"49/21
Ahluwalia Ganj, Amroha 438493",Kolkata,prerak67@gmail.com,5606216710
103,Fateh Lata,"68/777, Rajan Marg
Bhilwara-635102",Surat,azad02@rama-shetty.info,6985759565
104,Dhruv Shanker,"H.No. 73, Tiwari Path
Motihari 325146",Ahmedabad,vaidyaakarsh@de-setty.com,8796555787
105,Sumer Varkey,"H.No. 94
Brar Road, Ramagundam 611701",Pune,bbatta@bobal.com,4804488275
106,Ayesha Sachdev,"35, Bhakta Marg, Chittoor-558493",Kolkata,bkhatri@balakrishnan-kara.net,9.14287E+11
107,Tejas Khare,"353
Bhasin Street, Jammu 790145",Mumbai,ogoyal@raval.net,2205048714
108,Shalv Talwar,"266, Trivedi Circle
Raebareli-729963",Bengaluru,bosenishith@sabharwal.info,9.18974E+11
109,Lagan Brar,"H.No. 86
Sahota Path
Asansol 878732",Pune,khushi14@reddy-mahajan.com,9070589739
110,Trisha Raj,"61/857, Bobal Ganj, Mangalore-063888",Surat,heerdube@ramachandran.com,9178421424
111,Saira Thakur,"H.No. 82
Dash Street
Munger 333055",Jaipur,hiran38@barman.com,4808665449
112,Neysa Wable,"H.No. 328, Brar Path
Tirunelveli-644764",Surat,pari45@hotmail.com,9.13774E+11
113,Ivana Bhalla,"H.No. 08
Kadakia Circle, Raichur 656465",Mumbai,kiarasani@gmail.com,7132494757
114,Ela Soman,"H.No. 90, Loyal Chowk
Muzaffarpur-423794",Jaipur,kotatejas@hotmail.com,5721951069
115,Damini Shah,"H.No. 340, Dass Chowk, Indore-655295",Kolkata,farhan50@yahoo.com,9.19303E+11
116,Heer Wason,"96/630, Shah Marg
Danapur 460458",Ahmedabad,zainachhabra@gmail.com,7455756442
117,Sumer Mand,"40/286
Bhatt Zila, Bhusawal-649068",Bengaluru,rattiaarush@madan.com,9.16221E+11
118,Aarush Kala,"321
Kumer Ganj, Siwan-806566",Chennai,malhotraishita@gmail.com,1601578060
119,Jhanvi Arora,"129
Dewan Circle
Ulhasnagar-769654",Pune,kanav93@hotmail.com,9.10647E+11
120,Anvi Boase,"H.No. 18, Dube Road, Pondicherry-062663",Hyderabad,mahika10@saran.biz,9874271511
121,Suhana Amble,"H.No. 63, Raval Circle, Kolhapur-013854",Delhi,balipriyansh@hotmail.com,451027686
122,Riaan Dhingra,"H.No. 983
Garde Street, Hubli–Dharwad-785286",Pune,prerak95@maharaj.info,3016956428
123,Rania Kata,"755, Bora Ganj
Navi Mumbai 085162",Ahmedabad,purabkrish@gmail.com,3753649616
124,Anaya Thaker,"H.No. 86, Kalla Circle
Salem 117094",Delhi,tejas82@yahoo.com,9.17126E+11
125,Jayant Aggarwal,"43/55, Chakrabarti Ganj
Purnia 079531",Ahmedabad,vritikarama@yahoo.com,6407076508
126,Jivin Karan,"67/88, Brar Chowk, Sambhal-432871",Ahmedabad,mallickpihu@yahoo.com,9.18492E+11
127,Aarush Behl,"H.No. 917, Gupta Circle
Kolkata-690799",Hyderabad,tbahl@sethi-luthra.com,2262261904
128,Shalv Koshy,"H.No. 11, Dutt Nagar, Berhampur 560225",Delhi,rbalakrishnan@yahoo.com,3249232125
129,Urvi Borra,"H.No. 743, Kaul Street, Amaravati-614576",Jaipur,anaysachdeva@kala-atwal.com,5780087657
130,Armaan Bhandari,"H.No. 70
Bhatt Street
Hospet 813583",Kolkata,arhaan94@suresh.biz,104996652
131,Urvi Warrior,"38/91
Kalita Road, Jaipur-630126",Surat,daveaaina@ramakrishnan.com,7604107480
132,Kimaya Dhar,"18/48, Kothari Ganj, Surendranagar Dudhrej 049710",Mumbai,hiran69@banerjee.com,9.18975E+11
133,Keya Gala,"H.No. 08
Saraf Street, Dehri-378987",Kolkata,xtak@sami.info,9.14953E+11
134,Ahana  Vig,"38/685
Khalsa Circle, Gandhidham-509923",Kolkata,okothari@yahoo.com,3274739310
135,Misha Gala,"22/152
Sachdeva Ganj
Ajmer 423405",Mumbai,indrans10@madan-wagle.net,6346633228
136,Eshani Reddy,"H.No. 97, De Marg, Pondicherry-793960",Ahmedabad,lbarad@hotmail.com,264139408
137,Vardaniya Sama,"18/90, Kapoor, Vadodara 169588",Pune,tanyaborde@yahoo.com,4978403873
138,Hunar Varty,"285
D’Alia Street
Ambala 149107",Ahmedabad,indrajit05@randhawa.info,9.15674E+11
139,Kaira Jaggi,"H.No. 74
Gera
Amravati 228635",Delhi,rkumer@butala.com,9.11263E+11
140,Mehul Chopra,"30/46
Jayaraman, New Delhi-855026",Kolkata,faiyaz05@hotmail.com,2060753987
141,Kashvi Bera,"092, Borde Street, Meerut-130671",Pune,jayantjoshi@yahoo.com,9.16992E+11
142,Aradhya Comar,"18/42, Wali Road, Chapra-041921",Chennai,mohanlal22@srinivasan.info,467806904
143,Farhan Bajwa,"679
Deo Street
Bhalswa Jahangir Pur 713827",Surat,semvedika@chaudhary.com,9.14594E+11
144,Navya Chaudhary,"17
Agarwal Marg
Bhavnagar 098861",Delhi,ukunda@hotmail.com,9.16125E+11
145,Sana Tella,"H.No. 96, Srivastava Road
Kanpur 963255",Bengaluru,vdhawan@amble.biz,9.17086E+11
146,Oorja Kulkarni,"61, Iyengar Circle, Jamshedpur 353490",Delhi,purab12@hotmail.com,9454718895
147,Ishita Sahni,"H.No. 08
Shanker Ganj, Indore 762934",Pune,wlanka@hotmail.com,6602748137
148,Jayant Rattan,"973, Khurana Chowk, Jammu 829103",Hyderabad,jivikababu@gmail.com,1673360722
149,Hazel Dugar,"H.No. 06
Wadhwa Zila
Bhubaneswar 260672",Bengaluru,reneesingh@yahoo.com,9856334310
150,Kismat Suri,"15
Buch Street
Avadi-887430",Surat,sankarnitya@hotmail.com,9.10248E+11
151,Aniruddh Ravi,"14/431, Mallick
Karawal Nagar-092762",Chennai,hganesh@sha.com,5161009016
152,Aradhya Mander,"H.No. 442, Gola Street
Karimnagar 561411",Chennai,veer35@bhatnagar.com,9057597924
153,Mahika Deshpande,"07
Dixit, Bhiwani-856531",Pune,abram76@gmail.com,1960338933
154,Hansh Sant,"H.No. 65
Sidhu Ganj, Satna 118761",Hyderabad,sakshamgrover@raja.com,8129024118
155,Hazel Bora,"H.No. 43
Ahluwalia Marg
Fatehpur 008951",Mumbai,saniela@goda.com,71608309
156,Manjari Gandhi,"25/023
Guha Street
Khandwa-866358",Chennai,gokultaneja@gmail.com,6985507524
157,Aaryahi Gill,"H.No. 816, Dyal Circle
Thane-838292",Jaipur,chiragbajwa@hotmail.com,9665136120
158,Aniruddh Sethi,"97
Dhar Ganj, Gwalior-423358",Delhi,mishtitella@balan.info,7598408491
159,Shalv Sanghvi,"H.No. 900, Keer Chowk
Madanapalle 872653",Kolkata,hegdenitara@gmail.com,8357218760
160,Shayak Apte,"99/77, Bhandari Street, Bardhaman-002120",Kolkata,jkade@varghese-gandhi.com,9.13028E+11
161,Reyansh Wagle,"83/26
Ganguly Zila, Rewa 253053",Delhi,aptecharvi@dar.com,2646622144
162,Khushi Sandal,"H.No. 054
Kala Marg, Panvel 326282",Pune,sekhonnishith@sandal.org,2714022367
163,Romil Gala,"H.No. 36, Bala Nagar, Srinagar-967397",Hyderabad,barmansiya@hayer-rajagopalan.net,7819226638
164,Jivika Goel,"13/06, Bhargava Road
Surat-682275",Ahmedabad,dbaria@yahoo.com,2698720451
165,Gatik Sarkar,"258
Datta Nagar, Mango-578251",Jaipur,sumeredwin@bajaj-varughese.com,792697421
166,Jayant Chhabra,"H.No. 844
Deol Road, Danapur-273999",Jaipur,riaangoswami@yahoo.com,1427502457
167,Priyansh Chahal,"H.No. 566
Rama Marg
Vellore 178751",Hyderabad,chiragcontractor@mand.com,7376766817
168,Sahil Sood,"H.No. 80
Dass Marg, Sagar 714303",Kolkata,riya27@yahoo.com,4202096059
169,Ishita Ganesh,"020
Ganesan Street, Ramagundam-853472",Surat,valayashvi@hotmail.com,9.14025E+11
170,Drishya Jaggi,"60/22
Seshadri Path, Satara 351636",Ahmedabad,jiyaagarwal@hotmail.com,9.16669E+11
171,Keya Dhar,"21/559
Acharya Ganj
Suryapet 840912",Pune,aayushshetty@yahoo.com,520761033
172,Reyansh Magar,"496
Agrawal
Tirupati-059828",Ahmedabad,vaidyapihu@yahoo.com,3331141836
173,Ranbir Hora,"92/534, Roy Road, Kalyan-Dombivli-184257",Surat,reyanshsahni@hotmail.com,9.13597E+11
174,Taimur Srivastava,"87, Dua, Jaunpur-145928",Bengaluru,vramanathan@bir.biz,7301905276
175,Urvi Sura,"171, Chaudhary Nagar, Tiruvottiyur 816485",Jaipur,navya93@ghose.com,9.15775E+11
176,Stuvan Bhattacharyya,"25/665
Kumar Zila, Imphal-733564",Jaipur,dhanuk26@golla-khosla.info,9.11185E+11
177,Keya Ahuja,"H.No. 74, Devan Ganj, Coimbatore 937683",Chennai,anayahayre@batra.biz,9.17055E+11
178,Samaira Taneja,"98/214, Sabharwal Zila
Bathinda-744151",Hyderabad,aradhyachowdhury@yahoo.com,2542476877
179,Pihu Deep,"97/532, Divan Marg, Malegaon 904063",Bengaluru,kiara50@raja.org,9400064658
180,Nitara Chhabra,"H.No. 41, Seshadri Street, Agartala-718443",Kolkata,anahitayohannan@badami-mangat.net,7635571188
181,Umang Bir,"95/541, Kari Marg, Sikar-892556",Kolkata,rattaonkar@arora.info,9.10962E+11
182,Nirvaan Apte,"907, Kala Circle, Silchar 632638",Surat,jayaramanbaiju@yahoo.com,9.16117E+11
183,Aarna Mane,"82/42
Suresh Chowk
Kollam 470874",Jaipur,kashvimanne@gmail.com,1153466443
184,Kabir Badal,"55/77
Verma Circle
Anantapuram 671157",Hyderabad,rajagopalreyansh@yahoo.com,9.12235E+11
185,Ishita Barman,"51/801
Johal Chowk, Gandhidham-657921",Jaipur,ntella@karan.info,9.14321E+11
186,Rhea Gera,"H.No. 589
Saran Road
Ratlam-053803",Surat,rastogiindrajit@chopra.biz,2050976856
187,Jivika Rana,"435, Kala Street, Bulandshahr-521681",Mumbai,vedikacheema@gmail.com,813567147
188,Neysa Venkataraman,"89
Kohli Nagar, Meerut-239547",Ahmedabad,lokeinaaya@yahoo.com,8032393436
189,Hridaan Gala,"94/21
Doshi Ganj, Gwalior-000070",Pune,kabir71@tella.com,7245057693
190,Shaan Cheema,"97
Bose Chowk
Dharmavaram 984567",Hyderabad,rati62@taneja.net,4918110165
191,Vihaan Bhandari,"35/37
Sura, Khandwa 772016",Delhi,anahi37@gmail.com,5396142379
192,Rasha Raju,"H.No. 617, Ramanathan Path, Burhanpur-108454",Mumbai,dray@amble.com,9522229608
193,Purab Aurora,"916, Jani Zila, Unnao 377471",Chennai,ukaur@rau.com,7482850956
194,Raghav Luthra,"H.No. 38
Dube Zila
Haldia-180229",Ahmedabad,sehertella@goel-virk.com,9.13476E+11
195,Anvi Ghosh,"377
Bhattacharyya Chowk
Ahmedabad 195553",Chennai,bawamadhup@gmail.com,4137945821
196,Arhaan Shan,"18, Ganesh Road, Ghaziabad-464181",Delhi,evamadan@hotmail.com,9.10159E+11
197,Indranil Chandra,"29, Mann Street, Bhusawal 931614",Surat,uyogi@hotmail.com,4276846977
198,Devansh Saran,"08/488, Dube Nagar
Siliguri-447282",Bengaluru,anneindrans@khosla-banerjee.org,388545335
199,Arhaan Sibal,"909
Chowdhury Road, Vasai-Virar-002456",Chennai,badamianvi@gmail.com,219527486
200,Chirag Divan,"395, Basu Circle, Hosur 902327",Jaipur,qmanne@balan-mangal.com,9.19778E+11
201,Lakshit Sandal,"77/268
Datta Circle
Varanasi 730326",Chennai,dashkismat@gmail.com,9.19819E+11
202,Anahita Yogi,"60/14, Bandi Zila, Madanapalle-655556",Chennai,bhargavaamani@gmail.com,9.18445E+11
203,Pihu Sharma,"72/782, Sarma Ganj
Shimoga-377679",Jaipur,neysakhosla@hotmail.com,7699245767
204,Jayan Seshadri,"22/65
Rajagopalan, Bathinda 487432",Bengaluru,miraan23@hotmail.com,7888453435
205,Taran Seth,"79/96
Dhar Zila, Jabalpur 077179",Kolkata,mahajanriaan@hotmail.com,8339169813
206,Manjari Sehgal,"H.No. 437, Bahri Zila
Chapra 773911",Bengaluru,mgour@halder.com,4314209971
207,Ishaan Desai,"86
Deshmukh Street, Thane-264984",Bengaluru,golaanaya@sidhu.net,6464427335
208,Divyansh Bajwa,"43/01
Madan Road, Pune 615834",Ahmedabad,anaya65@khatri-barad.com,5893554129
209,Nayantara Edwin,"547, Krish Zila
Secunderabad 892282",Hyderabad,baijutiwari@hotmail.com,3685945068
210,Samar Contractor,"H.No. 687
Goda
Kulti 251766",Surat,oorjachada@hotmail.com,9.15628E+11
211,Aayush Apte,"136
Gera Street
Gulbarga 141623",Hyderabad,shroffindrans@yahoo.com,9.17184E+11
212,Anaya Bumb,"39
Andra Zila
Pimpri-Chinchwad-637823",Chennai,khushi15@gmail.com,2951986256
213,Kaira Kata,"13/78
Talwar Ganj
Malegaon-021899",Kolkata,raunakraj@luthra-shenoy.com,114951779
214,Nayantara Iyer,"H.No. 25
Koshy Chowk, Ballia-633544",Surat,lloke@shanker-bhat.com,9.19983E+11
215,Nishith Karnik,"82/07, Vig Path
Bulandshahr-731901",Delhi,ryan99@basu.com,1527999118
216,Umang Guha,"39, Malhotra Marg
Warangal 824939",Pune,jhanvi17@kala.com,4128291100
217,Nakul Barman,"65/467
Sabharwal Zila, Bhiwandi-266227",Kolkata,abram58@gmail.com,9.19235E+11
218,Nakul Chana,"H.No. 61, Srinivasan
Bally-071319",Kolkata,sankarojas@kumar.com,9916376453
219,Aaina Soman,"408, Rege Zila
Faridabad 491219",Mumbai,chahalfarhan@tandon.biz,6172270703
220,Neelofar Sanghvi,"33/152
Bora Street
Nizamabad-405316",Delhi,advik41@gmail.com,9023763316
221,Saira Ganguly,"637
Mahajan Road, Bulandshahr 769155",Mumbai,tchopra@tandon.biz,9028817064
222,Parinaaz Ben,"61
Divan Ganj
Burhanpur 209248",Ahmedabad,aggarwalindrans@yahoo.com,6665212449
223,Aarna Boase,"H.No. 955
Din Circle, Tinsukia 225376",Jaipur,indranilkohli@yahoo.com,9.16032E+11
224,Badal Amble,"601, Dasgupta Marg
Khora -376561",Ahmedabad,rrandhawa@hotmail.com,2575270293
225,Badal Lanka,"H.No. 730, Chhabra Chowk, Satna-262881",Mumbai,dugalhimmat@bhatnagar-reddy.com,8547953572
226,Advik Borra,"H.No. 948, Ramakrishnan Zila
Medininagar 840110",Mumbai,dharsumer@hotmail.com,3698534929
227,Amani Borah,"H.No. 74
Bhavsar Circle
Proddatur 679772",Bengaluru,vivaan80@gmail.com,9.17568E+11
228,Drishya Varghese,"28/05, Baria Street, Hospet-078568",Bengaluru,oshenoy@hotmail.com,2690028736
229,Dhanush Wadhwa,"17
Bedi Marg
Maheshtala 050678",Ahmedabad,uwagle@yahoo.com,9.10828E+11
230,Akarsh Singh,"H.No. 19
Bala Circle, Pune-965834",Bengaluru,xcomar@issac-rastogi.com,4871959064
231,Madhup Kapadia,"H.No. 139, Grover Path
Kozhikode-576283",Kolkata,magaramani@yahoo.com,8812718780
232,Dhanuk Bora,"H.No. 38, Mann, Bardhaman 779968",Chennai,kapurtaran@chowdhury-bath.biz,9.15324E+11
233,Rati Chad,"501
Bhargava Chowk, Dindigul 904492",Delhi,hkoshy@yahoo.com,2848964413
234,Aaina Saini,"96/088, Soni Path, Sultan Pur Majra-198911",Delhi,zmann@hotmail.com,5182139901
235,Navya Date,"93/395
Sharma Street
Ongole 245510",Delhi,miraan57@yahoo.com,3184318154
236,Mohanlal Bhandari,"29
Doshi Marg
Khandwa-523485",Surat,ckannan@gandhi.info,9862667847
237,Umang Rajagopal,"35, Gaba Circle, New Delhi 133988",Bengaluru,bailaarav@sastry.biz,9281424581
238,Hrishita Lanka,"03/308, Maharaj Nagar, Surat 990539",Kolkata,gbhattacharyya@yahoo.com,1110051999
239,Aayush Tak,"37/962
Varughese, Tiruvottiyur 613491",Delhi,eladin@thaker.org,9.19409E+11
240,Lagan Badal,"22/10, Baria Zila
Nanded 349333",Bengaluru,galaehsaan@sastry.com,6000957888
241,Arhaan Tata,"19/890
Savant Road, Gwalior-341542",Jaipur,parikadakia@sharaf-dara.org,4170920031
242,Aarna Soman,"88, Ramakrishnan Street
Gaya 261460",Pune,somananika@upadhyay-sarin.com,5583110155
243,Priyansh Sachar,"H.No. 13
Sen Street, Farrukhabad 763129",Delhi,irajain@sundaram-sandhu.com,9.15848E+11
244,Yakshit Chaudry,"18
Gola, Kota-428282",Surat,qdate@yahoo.com,9115376608
245,Aayush Sibal,"H.No. 083, Trivedi Street, Hindupur-654162",Chennai,lagan65@yahoo.com,9.11664E+11
246,Baiju Dani,"H.No. 023
Gill, Muzaffarnagar-777757",Chennai,jivika04@kannan.org,9070207727
247,Tejas Rout,"528
Anne Nagar, Pimpri-Chinchwad 726601",Delhi,karnikshaan@yahoo.com,500582595
248,Ritvik Grover,"540
Brar Path
Adoni 386393",Pune,manikyaramachandran@sura.com,8811188811
249,Krish Sathe,"23/02, Gade
Aizawl-425274",Ahmedabad,eva29@gmail.com,7960586719
250,Veer Wali,"58/33, Walia Ganj
Bihar Sharif 812472",Bengaluru,kiaankarnik@hotmail.com,7222381951
251,Charvi Mannan,"H.No. 84, Johal Zila, Gopalpur-704279",Ahmedabad,jivin36@dalia.net,9.17839E+11
252,Ranbir Datta,"04/35
Chandra Zila, Bidar 905341",Mumbai,oorja04@gmail.com,9.11653E+11
253,Riya Gala,"63/483
Savant Chowk, Gandhidham 325319",Bengaluru,baralsaira@yahoo.com,9.13525E+11
254,Chirag Verma,"40/768
Rau, Ambattur-119286",Delhi,kiaan29@gmail.com,8317701263
255,Manikya Ramakrishnan,"37/451
Viswanathan Street
Satara-194128",Kolkata,divijsathe@hotmail.com,9.1373E+11
256,Mahika Sastry,"07, Chakrabarti Road
Tenali 423128",Chennai,vvasa@gmail.com,9.10122E+11
257,Vidur Bail,"51/011
Balan Road, Chittoor-488433",Jaipur,tarasaxena@subramaniam.org,9.15045E+11
258,Nitara Deshpande,"38/94
Raju
Mehsana-360502",Chennai,lakshaylata@yahoo.com,924695800
259,Anika Gola,"25
Barman
Ghaziabad-733283",Ahmedabad,ubasu@kota.com,6930846840
260,Taran Kothari,"H.No. 56, Goswami Path
Nangloi Jat 791433",Ahmedabad,pranay03@yahoo.com,9.11253E+11
261,Neysa Chokshi,"04/979
Bhagat Marg
Howrah-539537",Mumbai,raunaksani@hotmail.com,2698980174
262,Zara Boase,"H.No. 106
Bumb Nagar, Raurkela Industrial Township-389680",Hyderabad,zdhaliwal@krishna.info,9.12986E+11
263,Fateh Krishnan,"99/45, Chad Road, Kurnool-130472",Chennai,shayakjani@hotmail.com,2161039996
264,Nitara Ganesan,"640
Bhatti Nagar
Jorhat-238413",Chennai,raovritika@gmail.com,3047480293
265,Neysa Malhotra,"H.No. 17, Rana Road
Raurkela Industrial Township 891828",Chennai,tandondivit@varkey.com,9772195576
266,Purab Handa,"H.No. 936, Bansal, Aurangabad 304583",Jaipur,kaira81@yahoo.com,6663554109
267,Rati Chanda,"58/93, Yogi Marg, Kurnool-403370",Pune,vardaniyalal@behl.com,9.17035E+11
268,Aaryahi Shan,"12/495, Bawa Chowk, Ajmer-015945",Pune,nitarasandal@lad-sani.info,568103505
269,Hunar Dalal,"29/89, Magar Nagar
Bareilly-229100",Bengaluru,dewanshray@hotmail.com,9.16682E+11
270,Bhavin Gandhi,"H.No. 88, Agate
Mango-883479",Bengaluru,evabaral@upadhyay.com,9.15242E+11
271,Nirvaan Buch,"15/342
Aurora Circle
Berhampur-223918",Chennai,bavanitara@khosla.net,9.15489E+11
272,Adira Chakrabarti,"86/078
Borde Path
Jamalpur-961974",Ahmedabad,manikyabutala@yahoo.com,1406079450
273,Amira Behl,"H.No. 81
Suresh Zila, Nanded 516596",Ahmedabad,shamik15@dubey-warrior.com,9.11649E+11
274,Samarth Grewal,"H.No. 338
Rout Road, Bhiwani-600537",Chennai,samarthbajwa@gade.com,6437495154
275,Ayesha Borah,"08/506
Vig
Serampore-396159",Jaipur,hansh39@saran-barad.com,9549734062
276,Sana Sethi,"H.No. 27
Kannan Road
Mau-907314",Pune,bgala@sangha.net,7890577280
277,Lakshay Bose,"96/702
Datta Path
Kulti-062117",Delhi,nitarasachdeva@yahoo.com,8865750170
278,Rhea Arora,"H.No. 986
Chaudry
Jodhpur-687432",Bengaluru,zain17@agrawal-bhat.com,2771422734
279,Kartik Ramanathan,"055
Sarin Circle, Davanagere 026956",Hyderabad,indrans36@yahoo.com,308661968
280,Jivika Krishnan,"81/17, Majumdar Ganj, Berhampore-250923",Pune,hridaanhora@rajagopal.com,1417433890
281,Dhruv Sawhney,"45/58, Warrior Chowk, Rajahmundry-929510",Delhi,dattadishani@dugal-badami.info,877026952
282,Zara Sama,"H.No. 15
Chahal Road, Gangtok 278553",Hyderabad,jiyagill@shan.net,3097865298
283,Aayush Goyal,"376
Bhardwaj Street
Bhilwara-539043",Ahmedabad,osaha@raja.net,345006749
284,Kiaan Dada,"233
Badal Circle
Dehri-953664",Hyderabad,mkala@hotmail.com,3696066407
285,Anvi Tara,"17, Sami Zila
Mysore-146780",Hyderabad,raghav12@kurian.com,4653994935
286,Alia Bath,"30/355, Kapur Ganj
Bhavnagar 555961",Kolkata,farhanmand@rout.com,9.14464E+11
287,Inaaya  Buch,"63/37, Maharaj Nagar, Pallavaram-580913",Ahmedabad,tankritvik@hotmail.com,855937769
288,Shalv Vyas,"19
Krishna Street
Haridwar 721063",Mumbai,sdugar@rama.com,9.10618E+11
289,Ayesha Varughese,"81/53, Bhatt Nagar, Hosur-319879",Ahmedabad,samaira10@gmail.com,9908014173
290,Ira Suri,"21/73, Jha Path
Sonipat-919399",Kolkata,yuvaanmaster@gmail.com,9.16628E+11
291,Yakshit Mahajan,"42
Tara Chowk
Kavali-195879",Jaipur,kartikchar@gmail.com,8014807708
292,Lakshay Chatterjee,"76/350, Srivastava Zila, Bharatpur 289822",Chennai,divitsridhar@hotmail.com,9.13163E+11
293,Jayesh Kamdar,"H.No. 75
Mangat Circle, Jaunpur 402266",Delhi,goswamialia@hotmail.com,1757884480
294,Hazel Bhalla,"37/232
Ramaswamy Path, Etawah 605655",Kolkata,ythaker@hotmail.com,9.14978E+11
295,Tarini Raval,"77
Malhotra Zila
Bhavnagar 205058",Mumbai,sana70@hotmail.com,6735460090
296,Vihaan Vaidya,"106, Dua Street
Vijayawada-865985",Mumbai,savantromil@ramesh.biz,9.13013E+11
297,Anika Dugal,"H.No. 16
Dara Circle, Sambalpur 503575",Bengaluru,zain13@hotmail.com,893378590
298,Ahana  Char,"87/12, Verma Marg, Etawah-541903",Bengaluru,qdhillon@behl.com,9.14505E+11
299,Ahana  Manda,"906
Kohli Nagar
Shimoga 648552",Delhi,sahnimiraya@choudhury.com,9.16931E+11
300,Fateh Srinivas,"H.No. 794
Vora
Malegaon-067125",Chennai,anvibandi@khatri.biz,9.18249E+11
301,Hiran Wadhwa,"95/909, Golla Chowk
Sambhal-744318",Mumbai,kavyakrishna@yahoo.com,7459857811
302,Sumer Sachdev,"H.No. 781
Bera Ganj, Etawah 486703",Delhi,arorasamarth@yahoo.com,6818720004
303,Sara Goel,"H.No. 60, Mallick Street, Jamshedpur-433455",Hyderabad,lakshit13@dasgupta.com,9.1872E+11
304,Yuvaan Khurana,"621
Kale Street, Aurangabad-752549",Chennai,hrishitadalal@hotmail.com,9.1909E+11
305,Mannat Arora,"079
Bandi Road
Raurkela Industrial Township 645835",Bengaluru,tellayuvaan@lala.com,747931551
306,Vanya Anne,"994
Sem Zila
Kavali-532994",Jaipur,hridaan58@hotmail.com,663284973
307,Aarush Keer,"H.No. 781, Talwar Ganj, Erode 271465",Pune,dishani56@bora-yadav.biz,1928128284
308,Nakul Sandhu,"699
Sama Marg
Bellary-148736",Kolkata,kaladharmajan@yahoo.com,3858951998
309,Nakul Balan,"88, Bhavsar, Nizamabad-088736",Ahmedabad,takpurab@gmail.com,8965130835
310,Tarini Warrior,"226, Iyengar Marg, Tiruchirappalli-911563",Delhi,dgole@hotmail.com,8502789914
311,Zoya Barad,"64/941
Rastogi Path, Ozhukarai-056010",Pune,jhanvi69@gmail.com,4736693426
312,Jivin Bumb,"20/55
Wadhwa Path, Khora  851515",Mumbai,daraanika@dalia.info,1288613084
313,Shayak Talwar,"H.No. 782, Rastogi Chowk, Saharsa 630899",Ahmedabad,kartiksathe@chokshi.com,3402871534
314,Mannat Mandal,"H.No. 82
Golla, Moradabad-863910",Chennai,madhav99@hotmail.com,2536528092
315,Rhea Kade,"93/92
Acharya Chowk, Jalna-126447",Ahmedabad,borrarasha@gmail.com,9.14894E+11
316,Shanaya Madan,"48
Gupta Marg, Udupi-560868",Chennai,ibhardwaj@gmail.com,9.14914E+11
317,Darshit Agate,"549
Shenoy Road, Anand 674339",Jaipur,pdara@hotmail.com,9.12883E+11
318,Jayant Bhandari,"30/87, Doctor Road
Saharanpur 259236",Delhi,shayak65@chandra.com,8220194720
319,Armaan Devan,"02, Dalal Chowk, Ranchi-830724",Delhi,drishya44@cheema-saraf.com,9.19271E+11
320,Raunak Batra,"64/915, Hora Road, Mau 346968",Mumbai,onkarkumer@kadakia.com,3590365721
321,Akarsh Bakshi,"87/52
Varma Zila, Tiruchirappalli 233814",Pune,wkhurana@mani.com,8296314653
322,Taran Raja,"295, Kar Path
Dehradun 682015",Ahmedabad,grovernayantara@ahuja-ghosh.org,8526656079
323,Samarth Dalal,"533, Vala Road
Unnao 098170",Jaipur,tgoswami@gmail.com,3241262605
324,Krish Bhatnagar,"06/305, Batra Street
Tadipatri 893562",Pune,priyanshcherian@gmail.com,1325292294
325,Neelofar Jaggi,"46/33
De Road, Raiganj-498476",Mumbai,nramaswamy@hotmail.com,9.15902E+11
326,Aarav Raju,"98/616, Das Circle
Yamunanagar 002984",Chennai,hegdefateh@yahoo.com,9.14119E+11
327,Krish Deo,"H.No. 21, Kota Zila, Bareilly-279505",Kolkata,borrayakshit@yahoo.com,247016921
328,Kabir Som,"92, Bose Road, Hospet-967634",Bengaluru,ishitawadhwa@hans.net,149970366
329,Nehmat Bhasin,"H.No. 752
Manne Marg, Durg-333308",Surat,neelofarshah@thaman-taneja.com,9.18726E+11
330,Purab Gade,"H.No. 83, Borah Street
Pondicherry 357664",Kolkata,ykorpal@ravi.org,8402312871
331,Manikya Buch,"281
Kapoor Circle, Nagpur-735152",Jaipur,anahitaswaminathan@choudhury.com,2367396729
332,Divit Golla,"H.No. 41, Kaul Road
Sasaram 843254",Kolkata,abhargava@char.com,9.17349E+11
333,Prisha Bal,"H.No. 958
Brahmbhatt, Aurangabad 825600",Kolkata,shalvyadav@warrior.com,9.19265E+11
334,Madhup Amble,"79/01, Saraf Chowk, Nangloi Jat-059606",Surat,sarkarraunak@sidhu-mane.net,9276752922
335,Vanya Walia,"117
Hayre
Bidhannagar 578026",Jaipur,anikadani@yahoo.com,9.16496E+11
336,Ojas Ganguly,"H.No. 00, Shankar Street
Tiruvottiyur 666968",Bengaluru,qtalwar@yahoo.com,4844613367
337,Kaira Sangha,"66/14
Vala Nagar, Madhyamgram-629715",Hyderabad,ranagokul@chokshi.net,9671276370
338,Shray Mahal,"67/619, Sandhu Chowk
Ongole-809702",Ahmedabad,byogi@kota.com,9.16286E+11
339,Hrishita Date,"95/439
Ramakrishnan Street, Danapur 882690",Hyderabad,laganranganathan@yahoo.com,9.1402E+11
340,Vardaniya Soman,"33/39, Basu Path
Junagadh 563009",Hyderabad,yakshit83@yahoo.com,3306993337
341,Yuvaan Thaker,"H.No. 216, Bhasin Road
Baranagar-302821",Ahmedabad,tarafaiyaz@vohra.com,8194172399
342,Hridaan Bhagat,"92/03
Kade Nagar, Warangal-151937",Mumbai,aarna86@gmail.com,9.14645E+11
343,Yakshit Som,"60
Yadav Path
Suryapet-792369",Jaipur,zkhanna@bava.org,6230198977
344,Sara Issac,"34/353, Srinivas Street, Chinsurah-862487",Hyderabad,trisha09@hotmail.com,3427924179
345,Anika Amble,"83/74, Krish Ganj
Bathinda-409005",Kolkata,basujiya@yahoo.com,9.19824E+11
346,Kanav Golla,"71/371, Aggarwal Road
Korba-025622",Surat,inaaya-11@chhabra.com,9.16119E+11
347,Mehul Sanghvi,"675
Wason Ganj, Bally 571518",Jaipur,aniruddhdugal@gmail.com,1868359097
348,Divij Rajan,"H.No. 76, Sant Ganj
Asansol 394288",Ahmedabad,myrabir@bhat.com,9.11711E+11
349,Vivaan Yogi,"55/78, Subramanian
Udaipur-982015",Kolkata,nitaracheema@hotmail.com,1494723237
350,Miraan Hegde,"88/025
Hari Zila, Nangloi Jat 832803",Pune,damini36@bala.com,7314878347
351,Nakul Bandi,"085
Kata Nagar, Danapur 118213",Pune,anvichandra@deol.com,3320907725
352,Sahil Rau,"914, Loyal Zila, Tadipatri 421248",Surat,indrajit61@gmail.com,6597798175
353,Devansh Bava,"25/206
Ganesh Chowk
Bettiah-106795",Mumbai,sahil42@verma.org,169016872
354,Jiya Yadav,"39
Baria Road, Jamshedpur-958967",Bengaluru,khatrianahi@hotmail.com,9.17712E+11
355,Eva Dutt,"87/68
Mani Street
Gurgaon 274972",Bengaluru,chanadiya@trivedi-balay.com,9.1727E+11
356,Emir Dewan,"611, Dalal Nagar
Noida 279719",Jaipur,balasubramaniangokul@gmail.com,7689460579
357,Divit Datta,"62/153, Gupta Circle, Kulti-883353",Kolkata,saksham32@ben.com,9.10748E+11
358,Armaan Chacko,"H.No. 125, Bhatia Ganj, Alappuzha-547408",Delhi,kismatbir@hotmail.com,5986664186
359,Divyansh Sodhi,"29, Hegde Nagar, Munger 627862",Mumbai,saxenafateh@vasa.net,5821567103
360,Zoya Kant,"84, Hayre Marg
Amravati-298727",Hyderabad,vritikabrar@hotmail.com,1539345892
361,Umang Bedi,"H.No. 13, Kala Road, Ambala-655677",Surat,riaandar@yahoo.com,9603452439
362,Armaan Arora,"H.No. 89, Sur Road
Morena-285124",Chennai,dattanishith@chatterjee-dhingra.com,9.16562E+11
363,Oorja Srinivas,"H.No. 95, Sidhu, Pondicherry 721096",Ahmedabad,chauhanalisha@gmail.com,9.16815E+11
364,Vanya Ganesh,"142, Dada Ganj
Ulhasnagar 880922",Delhi,dinraunak@gmail.com,6818267946
365,Lakshay Seth,"23, Varghese Zila
Akola-585251",Chennai,miraya56@yahoo.com,1910665074
366,Diya Kashyap,"H.No. 067, Loke Ganj
Shimla-147564",Delhi,shalvbala@venkatesh.com,9.16433E+11
367,Samiha Goda,"96, Sinha Circle, Tirupati-934461",Surat,divyanshhari@ganesan-seth.com,6142919785
368,Miraya Shanker,"97/277
Master Ganj
Aligarh 524852",Bengaluru,raniadixit@rajan.com,5889995737
369,Adah Varma,"258
Swamy Nagar
Guna 221588",Jaipur,pranay81@anne.com,5345483936
370,Amira Shere,"90/75
Bhasin Circle, Muzaffarnagar-508694",Mumbai,jainakarsh@wable.com,9.14166E+11
371,Hiran Rama,"28/03
Mannan, Ramagundam 229297",Bengaluru,trishabhat@gmail.com,2604810789
372,Vihaan Thakur,"H.No. 939
Khosla, Thoothukudi-993419",Surat,krishsachdeva@kulkarni-mane.com,8311717915
373,Ela Amble,"403
Kannan Street
Jaunpur 057924",Pune,ivan45@yahoo.com,4235831560
374,Anaya Barman,"949, Din Ganj, Kumbakonam-922887",Pune,elakshi46@hotmail.com,6846073756
375,Ela Ratti,"19, Hora Circle, Bhagalpur-349757",Delhi,balaytanya@sagar-sidhu.biz,3110538591
376,Suhana Srivastava,"89/81
Tak, Bidhannagar-275089",Bengaluru,baralumang@gmail.com,955633596
377,Damini Bhalla,"28/191
Shetty Path
Ludhiana 491485",Bengaluru,madhavsagar@joshi.com,541367011
378,Kiara Bal,"55/68, Bassi Zila, Erode 509265",Chennai,gcomar@gmail.com,9.10144E+11
379,Nakul Balan,"19, Ahluwalia Path
Patiala 068687",Chennai,shanaya50@ratti.com,7840507219
380,Jivin Lad,"H.No. 053
Dora Zila, Farrukhabad 080747",Ahmedabad,dlanka@hotmail.com,5734751392
381,Divyansh Bhavsar,"34
Rajagopal, Latur 870827",Bengaluru,zdey@garg.com,8542828457
382,Vidur Solanki,"H.No. 56
Bhat Circle, Vellore-201889",Hyderabad,devanshtalwar@mandal.info,9.11995E+11
383,Badal Thaker,"H.No. 202
Shenoy Zila, Pondicherry-995381",Hyderabad,ehsaanluthra@wali-ghosh.net,3591990872
384,Samiha Devi,"H.No. 17, Devan Chowk
Hazaribagh 603463",Kolkata,hunarbora@hotmail.com,9050764693
385,Prerak Deep,"26
Varkey Nagar, Sultan Pur Majra-029946",Delhi,jshetty@contractor.com,9.14482E+11
386,Vaibhav Chhabra,"963
Kapadia, Berhampore-571971",Bengaluru,aayushdhawan@mane.com,4241560653
387,Parinaaz Dewan,"H.No. 383, Wadhwa Nagar
Meerut 908657",Delhi,issacyashvi@chaudhari.com,8779834276
388,Bhavin Bava,"44/46
Krishnamurthy Street
Jorhat 476211",Pune,danianahi@ramakrishnan-kannan.com,8243271882
389,Madhav Dass,"H.No. 171
Choudhary, Hospet 220948",Hyderabad,tarasankar@bhatti.com,2701550573
390,Vidur Shukla,"52/22
Kaur Street
Karaikudi-708677",Surat,voralavanya@hotmail.com,7022666282
391,Anya Biswas,"65, Sastry
Serampore-175295",Chennai,zdeol@dube.org,6482828766
392,Myra Borra,"84/38, Acharya
Nizamabad 386072",Hyderabad,mangatbadal@gmail.com,6269480993
393,Kashvi Batra,"92, Shanker Zila
Ahmednagar-203415",Hyderabad,tkrishna@sundaram.com,9.17007E+11
394,Oorja Ramachandran,"83, Gera Circle
Nagpur-223272",Chennai,tarandhawan@samra.com,3154672680
395,Ranbir Sule,"H.No. 96
Kamdar, Ahmednagar-089925",Chennai,crana@sabharwal.biz,9.11029E+11
396,Aaryahi Talwar,"51/33
Chandran Marg, Khandwa-966267",Pune,daliaromil@sibal.com,5111052654
397,Hansh Arora,"H.No. 890, Hans
Bilaspur 412201",Kolkata,kluthra@grewal-lad.com,9.157E+11
398,Ranbir Bail,"74/25
Ramakrishnan Nagar
Ahmedabad 976407",Kolkata,khatrimiraan@manne.biz,1843615175
399,Vivaan Swaminathan,"133, Sengupta Road, Bikaner 338055",Hyderabad,sumermagar@gmail.com,3148745733
400,Jayant Korpal,"46/411, Deo Zila, Berhampur-049380",Kolkata,sahil58@hotmail.com,9.12776E+11
401,Zain Tailor,"32, Sem Marg, Navi Mumbai 758616",Jaipur,priyansh06@kumar.com,119393903
402,Hazel Ben,"01, Dyal Zila, Guna-099802",Chennai,shray12@gade.biz,9.18807E+11
403,Indrans Dugar,"81
Bahl Marg, Katni 094133",Mumbai,keya70@yahoo.com,2592377154
404,Mishti Khatri,"25/13
Ramaswamy Road
Gorakhpur-658340",Surat,reyanshsubramaniam@gera.com,1087853375
405,Abram Kakar,"H.No. 54, Tella Road, Sambhal-371203",Hyderabad,khareinaaya@rana-sarma.biz,9.1801E+11
406,Navya Joshi,"H.No. 63, Banik Chowk, Warangal-768349",Mumbai,bireshani@gmail.com,5572661151
407,Kaira Raman,"12
Mander Road
Dewas-578259",Mumbai,dhanush62@hotmail.com,1013273403
408,Mishti Dora,"44/44, Srinivasan Path, Guwahati-937553",Ahmedabad,wganesh@gmail.com,8178870056
409,Lagan Divan,"H.No. 88
Sankaran Marg
Malegaon 830668",Jaipur,ivarty@sundaram-venkatesh.com,9635050031
410,Purab Bakshi,"53/105, Sachdeva Nagar
Agartala 406491",Chennai,adirawarrior@hotmail.com,410275972
411,Amani Anand,"126, Deshpande Path
Srikakulam 779120",Kolkata,baralabram@shah.com,5988539216
412,Mehul Sur,"410, Bali
Baranagar 019740",Bengaluru,ishaan53@gmail.com,5243226091
413,Renee Dave,"47/771, D’Alia, Warangal-993140",Ahmedabad,siya10@bakshi-dugar.biz,2061282399
414,Zeeshan Cherian,"30
Hayer Marg
Ozhukarai 075484",Ahmedabad,aarnade@gmail.com,9.11247E+11
415,Madhav Khalsa,"60/687, Konda Circle
Bangalore-331146",Ahmedabad,kismatsagar@varma-badal.com,5744189002
416,Tejas Bumb,"27
Malhotra Path
Alappuzha-702421",Kolkata,fseth@venkataraman-rout.com,8110222566
417,Hunar Chacko,"H.No. 189, Lall Nagar, Erode-121989",Chennai,aaryahikhatri@sankaran.info,737738573
418,Anay Kurian,"05, Setty Nagar, Narasaraopet-932416",Pune,riyachad@wable.net,419911307
419,Myra Goyal,"H.No. 330
Bhalla Ganj, Dehradun 062164",Bengaluru,dthakkar@gmail.com,7950607666
420,Aaina Bhatti,"28/93, Setty Zila, Amroha-941310",Kolkata,tarini77@bakshi.com,6038652273
421,Anaya Deol,"607, Dhillon Circle
Secunderabad-708588",Hyderabad,tkara@yahoo.com,4163512500
422,Samarth Bhatti,"192, Keer Street, Alappuzha 106910",Hyderabad,rray@hotmail.com,9.19505E+11
423,Advik Lad,"08/364, Chhabra Street, Begusarai 698044",Jaipur,krish17@hotmail.com,9.17819E+11
424,Umang Vyas,"702, Chhabra Circle
Khora -864582",Delhi,kalaindrans@hotmail.com,9.15382E+11
425,Drishya Karan,"63/58, Warrior Marg
Bardhaman-125966",Mumbai,ladaarna@hotmail.com,479351091
426,Jhanvi Chandra,"12/921
Magar Zila, Sambalpur 469493",Bengaluru,lsharaf@yahoo.com,9.13858E+11
427,Amani Varma,"H.No. 11
Krish Chowk
Saharanpur 858111",Delhi,kashvirama@maharaj.com,9.16846E+11
428,Himmat Vohra,"936, Sane
Kanpur-347728",Delhi,fsabharwal@sagar.com,710645613
429,Indranil Saini,"40/81
Yohannan Nagar, Thiruvananthapuram 947722",Ahmedabad,yuvraj-konda@hotmail.com,1882036623
430,Tiya Bali,"H.No. 264
Sahota Circle, Ramgarh-337643",Hyderabad,yasmin56@yahoo.com,4067225824
431,Elakshi Bahl,"78/024, Garg Circle
Shimla 682609",Mumbai,hhalder@gmail.com,9.11283E+11
432,Shayak Bath,"H.No. 75, Gokhale Ganj, Ramagundam-956421",Delhi,ngera@hotmail.com,2418826064
433,Advika Dutt,"42
Char Chowk
Coimbatore 918531",Ahmedabad,aayushsubramanian@yahoo.com,7978877509
434,Pari Kala,"28, Kale Nagar, Naihati 109827",Hyderabad,vanyadeshmukh@shukla.com,752087496
435,Jivin Baria,"74/432
Garde Marg, Navi Mumbai 586142",Jaipur,trisha65@sur-dara.com,5491129346
436,Arnav Wali,"24, Viswanathan Zila, Ongole-325254",Delhi,heer39@sehgal-arya.com,4721095154
437,Reyansh Srivastava,"89/39, De Path, Meerut-046579",Pune,reyansh08@gmail.com,6983429366
438,Gokul Vasa,"074
Barad Zila, Kadapa-808023",Delhi,odhawan@gmail.com,8840999481
439,Vardaniya Devan,"H.No. 310
Varma Marg, Bihar Sharif-262173",Surat,pranay49@hotmail.com,1763301181
440,Navya Bhatia,"33/48, Baral Nagar, Darbhanga-331926",Chennai,xkorpal@gmail.com,9149120229
441,Prisha Singh,"62
Shroff Path
Parbhani-727036",Chennai,slanka@deo.org,9.18402E+11
442,Aniruddh Samra,"36/45
Bhargava Zila
Anand 544252",Delhi,ibir@halder.com,929694240
443,Samiha Das,"59/554
Sekhon Chowk
Nagaon-579620",Delhi,yashvikuruvilla@gmail.com,9.10257E+11
444,Eva Sarna,"920, Wason Nagar
Jaipur-924308",Hyderabad,basakkashvi@gmail.com,4035429076
445,Baiju Manda,"228
Bora Marg, Salem 704689",Delhi,brao@gmail.com,9.16497E+11
446,Adah Edwin,"67/889
Ganguly Chowk, Adoni 722001",Hyderabad,mchadha@yahoo.com,9.14126E+11
447,Rasha Dugal,"11/15
Kalla Road
Khora -458420",Mumbai,charvi61@gmail.com,9936731891
448,Yasmin Shroff,"25/90, Gole Road
Nagpur 310689",Chennai,wshroff@sahni-ramanathan.info,6643225330
449,Seher Chaudhry,"64/79
Wali Street, Rajahmundry-963883",Jaipur,urvi42@uppal.com,6312198407
450,Badal Gokhale,"02
Venkataraman Nagar
Siwan 445841",Chennai,daminitalwar@yahoo.com,6263287767
451,Stuvan Gokhale,"H.No. 23
Keer Road
Bhiwandi-436409",Hyderabad,zarabhatt@sarraf.net,5698005139
452,Samar Badal,"84/205
Zacharia Chowk
Ujjain-479460",Hyderabad,lavanyamandal@yahoo.com,5863402441
453,Dhanush Thakkar,"H.No. 93, Joshi Chowk, Latur-008293",Delhi,misha19@yahoo.com,9.17221E+11
454,Tara Khurana,"21
Jani Circle
Bathinda 103442",Mumbai,ayeshasant@yahoo.com,9.11596E+11
455,Khushi Sharma,"942, Sarkar Marg, Kumbakonam 697356",Mumbai,yuvraj-rastogi@bal.com,5260756814
456,Shray Sahni,"H.No. 023
Kar Zila, Darbhanga-487663",Chennai,nakul48@gmail.com,5717028104
457,Elakshi Biswas,"H.No. 82, Sur Ganj, Kanpur 295731",Kolkata,nityasami@yahoo.com,2584007564
458,Renee Grewal,"H.No. 734, Anand Chowk
Raipur-272623",Pune,tellaira@chawla.info,4102206369
459,Drishya Sankaran,"236, Ramachandran Circle
Gurgaon-429598",Jaipur,atwalfaiyaz@yahoo.com,5463669450
460,Ojas Garg,"H.No. 546
Borde Street
Hubli–Dharwad 014178",Jaipur,shettydivyansh@gmail.com,5427909729
461,Ryan Singhal,"H.No. 04, Rajan Marg, Ramagundam-661333",Jaipur,hanshshan@gmail.com,5013130131
462,Mannat Seth,"17/407
Dugal Marg
Kozhikode 557308",Bengaluru,diya48@mangal-mandal.net,1880198671
463,Diya Doshi,"03/626
Chopra Path, Guntakal 781791",Hyderabad,kamdarayesha@sane.com,5263343412
464,Ayesha Thakur,"00, Dutta Chowk, Ballia 398246",Mumbai,ratigoda@yahoo.com,8636612731
465,Arnav Dada,"605
Bedi Road
Sagar 745690",Delhi,shaan71@bawa.com,9.19596E+11
466,Dishani Maharaj,"58/86
Aggarwal
Aurangabad 737852",Bengaluru,rattamadhup@yahoo.com,3895005519
467,Sara Doshi,"65/434
Acharya Chowk
Anantapuram 336150",Bengaluru,sahakabir@barad.info,7286511179
468,Himmat Choudhary,"68/353
Rajan Path, Jalandhar-133773",Chennai,xkade@kalita.com,7144780964
469,Gatik Korpal,"H.No. 11
Bakshi Nagar, Dhule 497139",Ahmedabad,jmallick@viswanathan-kala.com,6830668175
470,Vihaan Savant,"48
Dua Marg, Jhansi 093121",Chennai,lakshayravi@hotmail.com,9337876976
471,Misha Toor,"95
Guha Marg
Jalna 539092",Mumbai,ashah@bali.biz,6133634457
472,Saanvi Hari,"92/741
Kannan Street
Jalna 615046",Pune,indranilsane@sheth.info,1058691355
473,Charvi Agrawal,"528, Rana Circle
Akola-478444",Pune,xkumar@krishnan.com,1465771151
474,Azad Zacharia,"99/38, Gupta
Raipur-352444",Chennai,shettyalia@chana.com,4094634595
475,Dhanush Ram,"544
Ravi Chowk, Phagwara-878228",Surat,dharmajanmaster@gmail.com,9.19088E+11
476,Siya Brahmbhatt,"H.No. 376, Ravel, Pune-415391",Delhi,indrajitdutt@goel-virk.net,9.19839E+11
477,Madhav Bhalla,"H.No. 98
Kapoor Street
Srinagar-971199",Delhi,onkarvarma@de-gupta.com,869368115
478,Raghav Wali,"81/563, Goda Road
Mehsana-934244",Hyderabad,baijuchadha@sane.net,1743797589
479,Hansh Kibe,"45/539, Hayer Road, Sambhal 059026",Surat,heer81@kashyap-goyal.net,9.12183E+11
480,Hiran Mani,"99
Sanghvi Chowk, Mau 376431",Pune,elakshi44@batta-kumar.info,9.10047E+11
481,Heer Varghese,"62/06
Choudhury Zila
Rajpur Sonarpur 401606",Bengaluru,ykeer@som.info,9.19516E+11
482,Jayesh Varughese,"01/64, Sahota Path
Bharatpur 772007",Bengaluru,daminisuresh@dutt-dhawan.biz,9.15505E+11
483,Jhanvi Swamy,"453, Batta Ganj
Burhanpur 739962",Ahmedabad,swamychirag@yahoo.com,9.18045E+11
484,Nishith Handa,"25, Choudhary Ganj
Ambala 426508",Delhi,magarbhavin@hotmail.com,2461397540
485,Siya Bava,"H.No. 14, Dugal Path, Tinsukia-931672",Bengaluru,anya58@hotmail.com,7690017525
486,Kiara Mall,"45/60, Bath Road
Tadipatri 955672",Chennai,nishithdate@gmail.com,6740343525
487,Arhaan Date,"21/32, Baral Zila
Nizamabad 041479",Jaipur,bavanayantara@sankar-chadha.com,7243963124
488,Mishti Toor,"H.No. 20, Karan Ganj, Pimpri-Chinchwad 360419",Kolkata,sahotabhamini@hotmail.com,8379573288
489,Farhan Dhaliwal,"12/350, Golla Street, Nellore-806745",Delhi,anvigala@ramachandran.info,9.13321E+11
490,Aarush Kara,"79/55
Rana Ganj, Visakhapatnam 708013",Kolkata,vbassi@baria.info,8917232802
491,Diya Boase,"133, Bhatia Marg
Udupi 504583",Kolkata,parinaaz94@hotmail.com,3400801435
492,Urvi Brar,"81
Mangat Path
Davanagere-946929",Chennai,ira38@salvi.biz,7398501201
493,Vivaan Chaudry,"H.No. 64, Dyal Chowk
Hubli–Dharwad 527123",Bengaluru,hanshdeo@gmail.com,3671114419
494,Sumer Wali,"H.No. 09, Tella
Jodhpur 674900",Hyderabad,brahmbhattdishani@ghosh.net,4300007798
495,Jayan Bala,"78/615
Chakraborty Circle, Parbhani 182474",Ahmedabad,bgade@yahoo.com,5239909721
496,Dhanuk Edwin,"581
Arya, Bahraich-871379",Jaipur,imahajan@yahoo.com,9.18269E+11
497,Azad Shan,"78
Sarkar Chowk, Morbi-766648",Kolkata,samairabutala@hotmail.com,9.15743E+11
498,Miraya Chaudhary,"12/151
Saha Chowk
Imphal 244932",Jaipur,nbakshi@dara.info,7029099739
499,Onkar Ahuja,"H.No. 490
Tak Road, Howrah 920084",Hyderabad,bkar@sodhi.com,9759322359
500,Drishya Talwar,"41/90
Datta Ganj, Chinsurah-048152",Bengaluru,ugole@raval.biz,9.14544E+11
